cardname,quant,have,type,cost,category,draw,pump,tokens,protection,1target,included,Unnamed: 12,cardname,price,set
dowsing dagger,1,T,artifact,2,"tokens, ramp",False,False,True,False,False,True,,dowsing dagger,1.93,xln
swiftfoot boots,1,T,artifact,2G,protection,False,False,False,True,True,True,,swiftfoot boots,2.65,c14
avacyn’s pilgrim,1,T,creature,G,ramp,False,False,False,False,False,True,,avacyn’s pilgrim,0.22,isd
dreadhorde arcanist,1,T,creature,1R,spellslinger,False,False,False,False,False,True,,dreadhorde arcanist,1.8,war
druid of the anima,1,T,creature,1G,ramp,False,False,False,False,False,True,,druid of the anima,0.23,ala
"feather, the redeemed",1,T,creature,RWW,spellslinger,False,False,False,False,False,True,,"feather, the redeemed",0.95,war
hunted dragon,1,T,creature,3RR,tokens,False,False,True,False,False,True,,hunted dragon,0.35,c15
hunted phantasm,1,T,creature,1UU,tokens,False,False,True,False,False,True,,hunted phantasm,2.33,rav
hunted troll,1,T,creature,2GG,tokens,False,False,True,False,False,True,,hunted troll,0.79,rav
Ink-Treader Nephilim,1,T,creature,WURG,general,False,False,False,False,True,True,,Ink-Treader Nephilim,1.12,gpt
"kykar, wind’s fury",1,T,creature,1URW,"tokens, spellslinger",False,False,True,False,False,True,,"kykar, wind’s fury",2.72,m20
mirrorwing dragon,1,T,creature,3RR,spellslinger,False,False,False,False,True,True,,mirrorwing dragon,1.84,emn
nivmagus elemental,1,T,creature,R,spellslinger,False,False,False,False,True,True,,nivmagus elemental,0.38,rtr
rattleclaw mystic,1,T,creature,1G,ramp,False,False,False,False,False,True,,rattleclaw mystic,0.59,ktk
Sakura-tribe elder,1,T,creature,1G,ramp,False,False,False,False,False,True,,Sakura-tribe elder,0.78,c20
"Talrand, sky summoner",1,T,creature,2UU,tokens,False,False,True,False,False,True,,"Talrand, sky summoner",0.25,c19
Young Pyromancer,1,T,creature,1R,tokens,False,False,True,False,False,True,,Young Pyromancer,0.42,jmp
"zada, hedron grinder",1,T,creature,3R,spellslinger,False,False,False,False,True,True,,"zada, hedron grinder",0.31,a25
from beyond,1,F,enchantment,3G,tokens,False,False,True,False,False,True,,from beyond,0.75,bfz
goblin assault,1,T,enchantment,2R,tokens,False,False,True,False,False,True,,goblin assault,0.36,mb1
"krenko, tin street kingpin",1,T,creature,2R,tokens,False,False,True,False,False,True,,"krenko, tin street kingpin",0.71,war
Ajani’s Presence,1,T,instant,W,"protection, pump",False,True,False,True,True,True, ,Ajani’s Presence,0.3,jou
artifact mutation,1,T,instant,RG,"removal, tokens",False,False,True,False,False,True,,artifact mutation,0.4,c20
Assure // assemble,1,T,instant,GW,"protection, pump, tokens",False,True,True,True,True,True,,Assure // assemble,0.21,grn
bant charm,1,T,instant,GWU,"removal, protection",False,False,False,True,True,True,,bant charm,0.43,c18
become immense,1,T,instant,G,pump,False,True,False,False,True,True,,become immense,0.18,mb1
blink of an eye,1,T,instant,1U,"removal, draw, protection",True,False,False,True,True,True,,blink of an eye,0.15,dom
blossoming defense,1,F,instant,G,"protection, pump",False,True,False,True,True,True,,blossoming defense,0.45,kld
Crimson Wisps,1,T,instant,R,draw,True,False,False,False,True,True,,Crimson Wisps,1.18,shm
Defiant Strike,1,T,instant,W,"draw, pump",True,True,False,False,True,True,,Defiant Strike,0.05,m21
Depose // deploy,1,T,instant,UW,"draw, tokens",True,False,True,False,True,True,,Depose // deploy,0.1,rna
Expedite,1,T,instant,R,draw,True,False,False,False,True,True,,Expedite,0.15,ogw
Fists of Flame,1,T,instant,R,"draw, pump",True,True,False,False,True,True,,Fists of Flame,0.1,mh1
harrow,1,T,instant,2G,ramp,False,False,False,False,False,True,,harrow,0.27,inv
into the roil,1,T,instant,1U,"removal, draw, protection",True,False,False,True,True,True,,into the roil,0.19,c14
aura mutation,1,T,instant,WG,"removal, tokens",False,False,True,False,True,True,,aura mutation,1.75,c16
Niveous Wisps,1,T,instant,W,draw,True,False,False,False,True,True,,Niveous Wisps,0.34,shm
otherworldly outburst,1,T,instant,R,"protection, tokens, pump",False,True,True,True,True,True,,otherworldly outburst,0.1,emn
Path to Exile,1,T,instant,W,"removal, ramp",False,False,False,False,True,True,,Path to Exile,2.36,2xm
phalanx tactics,1,T,instant,1W,pump,False,True,False,False,True,True,,phalanx tactics,0.04,thb
pressure point,1,T,instant,1W,draw,True,False,False,False,True,True,,pressure point,0.04,kld
raise the alarm,1,T,instant,1W,tokens,False,False,True,False,False,True,,raise the alarm,0.08,m20
ranger’s guile,1,T,instant,G,"protection, pump",False,True,False,True,True,True,,ranger’s guile,0.08,m21
rith’s charm,1,T,instant,RGW,tokens,False,False,True,False,False,True,,rith’s charm,0.21,pls
secure the wastes,1,T,instant,XW,tokens,False,False,True,False,False,True,,secure the wastes,3.15,dtk
sigil blessing,1,T,instant,GW,pump,False,True,False,False,True,True,,sigil blessing,0.12,ala
Simic Charm,1,T,instant,GU,"protection, pump",False,True,False,True,True,True,,Simic Charm,0.68,gtc
slip through space,1,T,instant,U,"draw, pump",True,True,False,False,True,True,,slip through space,0.15,ogw
Spawning Breath,1,T,instant,1R,tokens,False,False,True,False,True,True,,Spawning Breath,0.24,roe
swell of growth,1,F,instant,1G,"draw, ramp",True,False,False,False,True,True,,swell of growth,0.1,bfz
swords to plowshares,1,T,instant,W,"removal, lifegain",False,False,False,False,True,True,,swords to plowshares,2.08,c17
valorous stance,1,T,instant,1W,"removal, protection",False,False,False,True,True,True,,valorous stance,0.15,2xm
vines of vastwood,1,T,instant,GG,"protection, pump",False,True,False,True,True,True,,vines of vastwood,0.84,zen
Viridescent Wisps,1,T,instant,G,"draw, pump",True,True,False,False,True,True,,Viridescent Wisps,0.13,shm
mountain,3,T,land,,,,,,,,,,mountain,0.07,c19
plains,3,T,land,,,,,,,,,,plains,0.07,eld
island,4,T,land,,,,,,,,,,island,0.08,c19
forest,5,T,land,,,,,,,,,,forest,0.09,iko
blossoming sands,1,T,land,,,,,,,,,,blossoming sands,0.06,m20
evolving wilds,1,T,land,,,,,,,,,,evolving wilds,0.06,c16
frontier bivouac,1,T,land,,,,,,,,,,frontier bivouac,0.23,ktk
glacial fortress,1,T,land,,,,,,,,,,glacial fortress,5.05,m13
hallowed fountain,1,T,land,,,,,,,,,,hallowed fountain,7.39,rna
hinterland harbor,1,T,land,,,,,,,,,,hinterland harbor,6.63,isd
holdout settlement,1,F,land,,,,,,,,,,holdout settlement,0.14,ogw
jungle shrine,1,T,land,,,,,,,,,,jungle shrine,0.26,e02
mystic monastery,1,T,land,,,,,,,,,,mystic monastery,0.23,c19
rootbound crag,1,T,land,,,,,,,,,,rootbound crag,3.41,m13
rugged highlands,1,T,land,,,,,,,,,,rugged highlands,0.04,m20
rupture spire,1,T,land,,,,,,,,,,rupture spire,0.12,c20
seaside citadel,1,T,land,,,,,,,,,,seaside citadel,1.5,c18
stomping ground,1,T,land,,,,,,,,,,stomping ground,7.4,gtc
sulfur falls,1,T,land,,,,,,,,,,sulfur falls,3.71,dom
sunpetal grove,1,T,land,,,,,,,,,,sunpetal grove,3.93,xln
survivors’ encampment,1,F,land,,,,,,,,,,survivors’ encampment,0.17,hou
swiftwater cliffs,1,T,land,,,,,,,,,,swiftwater cliffs,0.05,iko
terramorphic expanse,1,T,land,,,,,,,,,,terramorphic expanse,0.25,c16
thornwood falls,1,T,land,,,,,,,,,,thornwood falls,0.04,m20
tranquil cove,1,T,land,,,,,,,,,,tranquil cove,0.03,m20
transguild promenade,1,T,land,,,,,,,,,,transguild promenade,0.18,c16
Catch // release,1,F,sorcery,1UR,"theft, removal",False,False,False,False,True,True,,Catch // release,0.21,dgm
cultivate,1,T,sorcery,2G,ramp,False,False,False,False,False,True,,cultivate,0.52,m21
enter the unknown,1,T,sorcery,G,ramp,False,False,False,False,True,True,,enter the unknown,0.24,rix
farseek,1,T,sorcery,1G,ramp,False,False,False,False,False,True,,farseek,1.08,m13
forbidden friendship,1,F,sorcery,1R,tokens,False,False,True,False,False,True,,forbidden friendship,0.08,iko
Kari Zev’s Expertise,1,T,sorcery,1RR,theft,False,False,False,False,True,True,,Kari Zev’s Expertise,0.3,aer
kodama’s reach,1,T,sorcery,2G,ramp,False,False,False,False,False,True,,kodama’s reach,1.86,c20
rampant growth,1,T,sorcery,1G,ramp,False,False,False,False,False,True,,rampant growth,0.42,10e
renegade tactics,1,T,sorcery,R,draw,True,False,False,False,True,True,,renegade tactics,0.19,kld
